real,probabilidade,predicao
0.0,0.017298684,0
0.0,0.00081309385,0
0.0,0.0008221783,0
0.0,0.0071817455,0
0.0,0.007379732,0
0.0,0.021409102,0
0.0,0.002568254,0
0.0,0.012913068,0
0.0,0.029008364,0
0.0,0.0150564555,0
0.0,0.008286541,0
0.0,0.0011704888,0
0.0,0.0008944716,0
0.0,0.00080227817,0
0.0,0.9464941,1
0.0,0.49473464,0
0.0,0.001487234,0
0.0,0.0021139646,0
0.0,0.009062922,0
0.0,0.0021084112,0
0.0,0.022327077,0
0.0,0.00016700449,0
0.0,0.0044355863,0
0.0,0.0029343462,0
1.0,0.9807765,1
0.0,0.02002951,0
0.0,0.051160384,0
1.0,0.9998983,1
0.0,0.0054982654,0
0.0,0.9958483,1
0.0,0.0016798466,0
0.0,0.00055819924,0
0.0,0.011953815,0
0.0,0.003791002,0
0.0,0.00057931873,0
0.0,0.92747355,1
0.0,0.016428864,0
0.0,0.033022355,0
0.0,0.049253307,0
0.0,3.887728e-05,0
0.0,0.009756072,0
0.0,0.19431521,0
0.0,0.0018895891,0
0.0,0.001570529,0
0.0,0.0018277002,0
0.0,0.00039550054,0
0.0,0.00049506547,0
0.0,0.0071021486,0
1.0,0.9997788,1
0.0,0.00632644,0
0.0,0.039581247,0
0.0,0.0031088563,0
0.0,0.0026719563,0
0.0,0.0024442493,0
0.0,0.009135559,0
0.0,0.79499614,0
0.0,0.0064480472,0
0.0,0.010934604,0
0.0,0.011737452,0
0.0,0.002611219,0
0.0,0.0005145518,0
0.0,0.0022701144,0
0.0,0.85247475,0
0.0,0.0044933516,0
0.0,0.0039943983,0
0.0,0.002550101,0
0.0,0.0037750765,0
0.0,0.0015177261,0
0.0,0.00036098628,0
0.0,0.002958848,0
0.0,0.0026729184,0
0.0,0.05601901,0
0.0,0.00070101,0
0.0,0.0014609054,0
0.0,0.0006335096,0
0.0,0.00011121307,0
0.0,0.017528886,0
0.0,0.9821813,1
0.0,0.001754556,0
0.0,0.0010243088,0
0.0,0.0014872553,0
0.0,0.006022617,0
0.0,0.014032876,0
0.0,0.7124978,0
0.0,0.014819148,0
0.0,0.017739655,0
0.0,0.0029608223,0
0.0,0.0015188856,0
0.0,0.04325992,0
0.0,0.05059148,0
0.0,0.0016810937,0
0.0,0.0007096582,0
0.0,0.011743627,0
0.0,0.0005327394,0
0.0,0.010327427,0
0.0,0.027577443,0
0.0,0.19079871,0
0.0,0.004823293,0
0.0,0.01127683,0
0.0,0.41688222,0
0.0,0.0015255751,0
0.0,0.5767288,0
1.0,0.5260307,0
0.0,0.0015687593,0
0.0,0.0018092033,0
0.0,0.0017042656,0
0.0,0.027312823,0
0.0,0.00035489636,0
0.0,0.0041106534,0
0.0,0.006256461,0
1.0,0.43354094,0
0.0,0.001754333,0
0.0,0.16321757,0
0.0,0.0024711005,0
0.0,0.43059057,0
1.0,0.95105183,1
0.0,0.44807473,0
0.0,0.0004555866,0
0.0,0.00014118999,0
0.0,0.00050539296,0
0.0,0.0051743663,0
0.0,0.28184742,0
0.0,0.4045646,0
0.0,0.022167638,0
0.0,0.6170271,0
0.0,0.006894537,0
0.0,0.010364273,0
0.0,0.0027817092,0
0.0,0.003775417,0
0.0,0.052485075,0
0.0,0.008054163,0
0.0,0.00081325,0
0.0,0.0010282364,0
0.0,0.002501353,0
0.0,0.004916213,0
0.0,0.05416027,0
1.0,0.9976751,1
0.0,0.01879538,0
0.0,0.0023174467,0
0.0,0.012746196,0
0.0,0.004254502,0
0.0,0.0025271368,0
0.0,0.02023497,0
0.0,0.0015002976,0
0.0,0.0038952888,0
0.0,0.004883542,0
0.0,0.034318138,0
0.0,0.0006044147,0
0.0,0.023419825,0
0.0,0.008825613,0
0.0,0.012660878,0
0.0,0.0010049476,0
0.0,0.0134056145,0
0.0,0.026899222,0
0.0,0.9777835,1
0.0,0.0070518353,0
0.0,0.011734146,0
0.0,0.94114155,1
0.0,0.0033120792,0
0.0,0.00021899893,0
0.0,0.008431639,0
0.0,0.0013579812,0
0.0,0.0003214862,0
0.0,0.009312551,0
0.0,0.0011313134,0
0.0,0.006512665,0
0.0,0.0015089343,0
0.0,0.00373958,0
0.0,0.004774579,0
0.0,0.0017206225,0
0.0,0.37843555,0
0.0,0.035764847,0
0.0,0.0080779465,0
0.0,0.00022327347,0
0.0,0.005151577,0
0.0,0.0017133353,0
0.0,0.0005718063,0
0.0,0.073246606,0
0.0,0.004088938,0
0.0,0.0009336482,0
0.0,0.0036399672,0
0.0,0.004742561,0
0.0,0.011275282,0
0.0,0.0093176905,0
0.0,0.0104446625,0
0.0,0.00035897264,0
0.0,0.20216756,0
0.0,0.03265878,0
0.0,0.0015609063,0
0.0,0.015961137,0
0.0,0.00072911236,0
0.0,0.26722237,0
0.0,0.00080760673,0
0.0,0.098693624,0
0.0,0.018101629,0
0.0,0.02991801,0
0.0,0.9867611,1
0.0,0.001966611,0
0.0,0.029422965,0
0.0,0.011101302,0
0.0,0.0016457903,0
0.0,0.0039132955,0
0.0,0.0034758465,0
0.0,0.039216843,0
0.0,0.00038925026,0
0.0,0.0010822522,0
0.0,6.4883534e-05,0
0.0,0.0041560032,0
0.0,0.0020413625,0
0.0,0.00060607865,0
0.0,0.0019178989,0
0.0,0.009879249,0
0.0,0.85417706,0
0.0,0.003909684,0
0.0,0.0019557052,0
1.0,0.9272465,1
0.0,0.03405385,0
0.0,0.012238785,0
0.0,0.006984776,0
0.0,0.0008086536,0
0.0,0.01116977,0
0.0,0.50773424,0
0.0,0.0037462907,0
0.0,0.019033922,0
0.0,0.00031201704,0
0.0,0.0017433205,0
0.0,0.00048360397,0
0.0,0.008743908,0
0.0,0.011870866,0
0.0,0.010747298,0
0.0,0.8419814,0
0.0,0.0025725423,0
0.0,0.98935753,1
0.0,0.020787222,0
0.0,0.003039066,0
0.0,0.014463464,0
0.0,0.054452155,0
0.0,0.008815783,0
0.0,0.009000302,0
0.0,0.8449294,0
0.0,0.0045789126,0
0.0,0.103329495,0
0.0,0.004318197,0
0.0,0.008150715,0
0.0,0.00018497424,0
0.0,0.02227016,0
0.0,0.011529671,0
0.0,0.0039774897,0
0.0,0.00093837484,0
0.0,0.0045240726,0
0.0,0.0037911278,0
0.0,0.0012499761,0
1.0,0.99317694,1
0.0,0.005225497,0
0.0,0.007770812,0
0.0,0.0013441842,0
0.0,0.0010377562,0
0.0,0.014722539,0
0.0,0.07249904,0
0.0,0.01998866,0
0.0,0.0026938003,0
0.0,0.009947012,0
0.0,0.03937337,0
0.0,0.0037394702,0
0.0,0.011087803,0
0.0,0.034099948,0
0.0,0.0009224223,0
0.0,0.009750178,0
0.0,0.0003262995,0
0.0,0.011438638,0
0.0,0.0072167777,0
0.0,0.008461326,0
0.0,0.97641844,1
0.0,0.13655546,0
0.0,0.0015540638,0
0.0,0.02577471,0
0.0,0.0066185086,0
0.0,0.0009855321,0
0.0,0.026424667,0
0.0,0.0016490702,0
0.0,0.006661329,0
0.0,0.8935379,0
0.0,0.0007573759,0
0.0,0.0012007888,0
1.0,0.99737996,1
1.0,0.98197824,1
1.0,0.96343994,1
0.0,0.12098814,0
0.0,0.00042124186,0
0.0,0.023785602,0
0.0,0.0040819086,0
0.0,0.0027139438,0
0.0,0.008190411,0
0.0,0.32951546,0
0.0,0.014109613,0
0.0,0.0009944334,0
0.0,0.008966122,0
0.0,0.0031215616,0
0.0,0.00068310706,0
0.0,0.27055532,0
0.0,0.003287511,0
0.0,0.0012234866,0
0.0,0.00034365544,0
0.0,0.0051345467,0
0.0,0.0072724586,0
0.0,0.09041882,0
0.0,0.011779852,0
0.0,0.7387515,0
0.0,0.0018437542,0
0.0,0.0059881075,0
0.0,0.13382791,0
0.0,0.003925325,0
0.0,0.036220703,0
0.0,0.012401042,0
0.0,0.012196361,0
0.0,0.16529918,0
0.0,0.0020687152,0
0.0,0.0025341408,0
0.0,0.03676627,0
0.0,0.007577334,0
0.0,0.0037817264,0
0.0,0.0029701146,0
0.0,0.15136015,0
0.0,0.030636461,0
0.0,0.044010494,0
0.0,0.00076557783,0
0.0,0.0038766132,0
0.0,0.7855882,0
0.0,0.033530876,0
0.0,0.008573533,0
0.0,0.0041945507,0
0.0,0.021349005,0
0.0,0.000957097,0
0.0,0.28228712,0
0.0,0.00024765776,0
0.0,0.054694254,0
0.0,0.0025852323,0
0.0,0.0012948385,0
0.0,0.013481802,0
0.0,0.013136513,0
0.0,0.008359418,0
0.0,0.0014144488,0
0.0,0.012183432,0
0.0,0.0021354011,0
0.0,0.0007021593,0
0.0,0.009884913,0
0.0,0.006169837,0
0.0,0.001475598,0
0.0,0.00044749392,0
0.0,0.0011195489,0
0.0,0.003951875,0
0.0,0.0051645255,0
0.0,0.02065528,0
0.0,0.00059035246,0
0.0,0.65169394,0
0.0,0.033251118,0
0.0,0.009323766,0
0.0,0.23438984,0
0.0,0.13137785,0
1.0,0.007983405,0
0.0,0.0017706426,0
0.0,0.0039431476,0
0.0,0.0032407716,0
0.0,0.0063468795,0
0.0,0.017682424,0
0.0,0.014152307,0
0.0,0.0022772353,0
0.0,0.024497002,0
0.0,0.0035837747,0
0.0,0.002971883,0
0.0,0.041298788,0
0.0,0.0040883026,0
0.0,0.021735383,0
0.0,0.42880407,0
0.0,0.006354261,0
0.0,0.0058560423,0
0.0,0.023211833,0
0.0,0.012521563,0
0.0,0.94418234,1
0.0,0.0042782715,0
0.0,0.62497205,0
0.0,0.0007434761,0
0.0,0.00029540824,0
0.0,0.0021683595,0
0.0,0.80245554,0
0.0,0.00087275624,0
0.0,0.0036048738,0
0.0,0.0060660234,0
0.0,0.013788132,0
0.0,0.0014148733,0
0.0,0.00035604398,0
0.0,0.16353622,0
0.0,0.031211799,0
0.0,0.006639571,0
0.0,0.005719696,0
0.0,0.002399437,0
0.0,0.00089088944,0
0.0,0.99789536,1
0.0,0.0008320346,0
0.0,0.0017091841,0
0.0,0.007187851,0
0.0,0.2383221,0
0.0,0.12124881,0
0.0,0.0049565225,0
0.0,0.00094297034,0
0.0,0.0007600515,0
0.0,0.0006848534,0
0.0,0.0013935587,0
0.0,0.007172249,0
0.0,0.0029411428,0
0.0,0.0024310886,0
0.0,0.0060371123,0
0.0,0.09133746,0
0.0,0.013334561,0
0.0,0.00020666234,0
0.0,0.0030834912,0
0.0,0.004040291,0
0.0,0.7934903,0
0.0,0.009010558,0
0.0,0.014441722,0
0.0,0.04884524,0
0.0,0.0013435078,0
0.0,0.74783987,0
0.0,0.035844438,0
0.0,0.0019279565,0
0.0,0.0049800337,0
0.0,0.82856536,0
0.0,0.00019806765,0
0.0,0.00026672342,0
0.0,0.0053960946,0
0.0,0.010307868,0
0.0,0.00118458,0
0.0,0.017609932,0
0.0,0.0019992923,0
0.0,0.0027498887,0
0.0,0.006203996,0
0.0,0.026623271,0
0.0,0.005230087,0
0.0,0.037191443,0
0.0,0.010891355,0
0.0,0.0048016864,0
0.0,0.056178406,0
0.0,0.040294822,0
0.0,0.0016169208,0
0.0,0.002417074,0
1.0,0.9188637,1
0.0,0.2448285,0
0.0,0.121272825,0
0.0,0.0021866455,0
0.0,0.9831956,1
0.0,0.0007579196,0
0.0,0.013596038,0
0.0,7.441744e-05,0
0.0,0.0024365159,0
0.0,0.0053536026,0
0.0,0.0012942053,0
0.0,0.0015082224,0
0.0,0.02001087,0
0.0,0.0029190052,0
0.0,0.002154809,0
0.0,0.0103857955,0
0.0,0.0058382475,0
0.0,0.0016761521,0
0.0,0.015058393,0
0.0,0.10799087,0
0.0,0.020119846,0
0.0,0.0006587712,0
0.0,0.029312758,0
0.0,0.97390264,1
0.0,0.03633701,0
0.0,0.01745523,0
0.0,0.0014796553,0
0.0,0.0146856485,0
0.0,0.011215107,0
0.0,0.0014213136,0
0.0,0.00873312,0
0.0,0.058051627,0
0.0,0.7393761,0
0.0,0.0039844476,0
0.0,0.038537133,0
0.0,0.022520918,0
0.0,0.0016661166,0
0.0,0.029444067,0
0.0,0.00037967943,0
0.0,0.01265878,0
0.0,0.006443073,0
0.0,0.0010849454,0
0.0,0.0022850763,0
0.0,0.0022846165,0
0.0,0.009641936,0
0.0,0.007151292,0
0.0,0.00041389745,0
0.0,0.000600125,0
0.0,0.0018093721,0
0.0,0.0019789396,0
0.0,0.004714425,0
0.0,0.0024664938,0
0.0,0.00218224,0
0.0,0.0006589037,0
0.0,0.02513012,0
0.0,0.00089103373,0
0.0,0.32722288,0
0.0,0.0013017885,0
0.0,0.007587141,0
0.0,0.0014646155,0
0.0,0.009987752,0
0.0,0.000920757,0
0.0,0.0042250706,0
0.0,0.011684207,0
0.0,0.016493157,0
0.0,0.0008757276,0
0.0,0.3788469,0
0.0,0.993166,1
0.0,0.0036027897,0
0.0,0.002908705,0
0.0,0.011732288,0
1.0,0.81480306,0
0.0,0.0021284828,0
0.0,0.01990993,0
0.0,0.00073971495,0
0.0,0.8521178,0
0.0,0.54046756,0
0.0,0.3634002,0
0.0,0.9970681,1
0.0,0.00064559083,0
0.0,0.0046709054,0
0.0,0.0010515092,0
0.0,0.0010716849,0
0.0,0.0006140949,0
0.0,0.001537576,0
0.0,0.0019115529,0
0.0,0.009633775,0
0.0,0.27146327,0
0.0,0.0012421476,0
0.0,0.013680158,0
0.0,0.0033958748,0
0.0,0.0103666745,0
0.0,0.035920262,0
0.0,0.18134347,0
0.0,0.013806943,0
0.0,0.021105189,0
0.0,0.0031731834,0
1.0,0.8577101,0
0.0,0.03101743,0
0.0,0.0026756756,0
0.0,0.0071226903,0
0.0,0.005428277,0
0.0,0.000980097,0
0.0,0.0060870405,0
0.0,0.021321882,0
0.0,0.003571544,0
0.0,0.045803085,0
0.0,0.0019425064,0
1.0,0.028722472,0
0.0,0.0019988185,0
0.0,0.00519935,0
0.0,0.9983407,1
0.0,0.0030654431,0
0.0,0.0017051859,0
0.0,0.041582465,0
0.0,0.0064766183,0
0.0,0.0021735695,0
0.0,0.003063516,0
0.0,0.017244572,0
0.0,0.0013480219,0
0.0,0.01451451,0
0.0,0.00082502404,0
1.0,0.9924529,1
0.0,0.0009852326,0
0.0,0.0028926532,0
0.0,0.010422754,0
0.0,0.00071549555,0
0.0,0.0047655012,0
0.0,0.005918398,0
0.0,0.0015019387,0
0.0,0.001253726,0
0.0,0.0064864075,0
0.0,0.7332766,0
0.0,0.2401988,0
0.0,0.0011701643,0
0.0,0.0003371165,0
0.0,0.05576197,0
0.0,0.00535373,0
0.0,0.0013578158,0
0.0,0.020638214,0
0.0,0.0003332073,0
0.0,0.0020293002,0
0.0,0.036259793,0
0.0,0.10659869,0
0.0,0.0021607443,0
0.0,0.006599931,0
0.0,0.0046527595,0
0.0,0.0011183822,0
0.0,0.8306396,0
0.0,0.0063297735,0
0.0,0.015463059,0
0.0,0.17178719,0
0.0,0.016153138,0
0.0,0.0057717334,0
0.0,0.009743288,0
0.0,0.0059965146,0
0.0,0.01937059,0
0.0,0.0003353949,0
0.0,0.0016676305,0
0.0,0.0048911185,0
0.0,0.04732909,0
0.0,0.0055634286,0
0.0,0.0015830329,0
0.0,0.0013257684,0
0.0,0.011935958,0
0.0,0.00013676587,0
0.0,0.00894445,0
0.0,0.0018321851,0
0.0,0.9461412,1
0.0,0.010421677,0
1.0,0.9519207,1
0.0,0.008484862,0
0.0,0.0060101897,0
0.0,0.061190102,0
0.0,0.0007867433,0
0.0,0.08535414,0
0.0,0.0022904975,0
0.0,0.1683768,0
0.0,0.0019711647,0
0.0,0.0023510398,0
0.0,0.003026534,0
0.0,0.006071531,0
0.0,0.010341609,0
0.0,0.0076179253,0
0.0,0.00041845068,0
0.0,0.39898393,0
0.0,0.013396983,0
0.0,0.12683265,0
0.0,0.0054582777,0
0.0,0.7817608,0
0.0,0.00044116817,0
0.0,0.00034166223,0
0.0,0.03055223,0
0.0,0.013720152,0
1.0,0.979226,1
0.0,0.861183,0
0.0,0.0002660661,0
0.0,0.00026316982,0
0.0,0.6814277,0
0.0,0.000617642,0
0.0,0.0028384577,0
0.0,0.0011621353,0
0.0,0.0038114514,0
0.0,0.0052845865,0
0.0,0.0103887655,0
0.0,0.059550922,0
0.0,0.19184071,0
0.0,0.007195444,0
0.0,0.0008454416,0
0.0,0.01100857,0
0.0,0.0002631397,0
0.0,0.011100866,0
0.0,0.0012643762,0
0.0,0.0018691879,0
0.0,0.004086814,0
0.0,0.20053746,0
0.0,0.9991385,1
0.0,0.004941958,0
0.0,0.00063884334,0
0.0,0.0036001548,0
0.0,0.017995544,0
0.0,0.00021830428,0
0.0,0.6724101,0
0.0,0.014067072,0
0.0,0.0008110908,0
0.0,0.116791874,0
1.0,0.42392272,0
0.0,0.002400021,0
0.0,0.00050932786,0
0.0,0.0036550192,0
0.0,0.015858283,0
0.0,0.0025983872,0
0.0,0.002602784,0
0.0,0.0043150648,0
0.0,0.004691191,0
0.0,7.6151846e-05,0
0.0,0.001478996,0
0.0,0.021841321,0
0.0,0.0055291206,0
0.0,0.006867943,0
0.0,0.0574112,0
0.0,0.022458995,0
0.0,0.03111359,0
0.0,0.0016455537,0
0.0,0.0015028485,0
0.0,0.0329119,0
0.0,0.007125132,0
0.0,0.36010775,0
0.0,0.03302314,0
0.0,0.0022006084,0
0.0,0.0047854786,0
0.0,0.004339612,0
0.0,0.0065742196,0
0.0,0.011622527,0
0.0,0.0012067868,0
0.0,0.0035887943,0
0.0,0.0031955056,0
0.0,0.005841813,0
0.0,0.0132746,0
0.0,0.02811054,0
0.0,0.028339049,0
0.0,0.024167769,0
0.0,0.018978968,0
0.0,0.0032570162,0
0.0,0.0055075972,0
0.0,0.0090104425,0
0.0,0.10219976,0
0.0,0.0029741188,0
0.0,0.0065169125,0
0.0,0.032602344,0
0.0,0.069136955,0
0.0,0.00224489,0
0.0,0.0019107851,0
0.0,0.00047043886,0
0.0,0.060576342,0
0.0,0.29428867,0
0.0,0.00086442655,0
1.0,0.99612075,1
0.0,0.00023275272,0
0.0,0.01129998,0
0.0,0.004081484,0
0.0,0.006229904,0
0.0,0.26060224,0
0.0,8.3295956e-05,0
0.0,0.011144528,0
0.0,0.032028086,0
1.0,0.91433066,1
0.0,0.007855781,0
0.0,0.005772699,0
0.0,0.0120357415,0
0.0,0.0016276544,0
0.0,0.0066192984,0
0.0,0.0076553845,0
0.0,0.02002301,0
0.0,0.0022428273,0
0.0,0.92105156,1
0.0,0.5439599,0
0.0,0.28510693,0
0.0,0.97556144,1
0.0,0.0076345685,0
0.0,0.012062289,0
0.0,0.22116801,0
0.0,0.007670352,0
0.0,0.007787475,0
0.0,0.0013853294,0
0.0,0.032552514,0
0.0,0.90455914,0
0.0,0.49841627,0
1.0,0.99966633,1
0.0,0.2110403,0
0.0,0.007892245,0
0.0,0.0030296175,0
0.0,0.91013336,1
0.0,0.0015823104,0
0.0,0.00047936142,0
0.0,0.0033224216,0
0.0,0.026713671,0
0.0,0.0010518864,0
0.0,0.01542784,0
0.0,0.006054838,0
0.0,0.0008625716,0
0.0,0.16258672,0
0.0,0.32126227,0
0.0,0.0049599875,0
0.0,0.0035180734,0
1.0,0.981902,1
0.0,0.016696097,0
0.0,0.001198226,0
0.0,0.009931968,0
0.0,0.27721602,0
0.0,0.003745052,0
1.0,0.9994991,1
0.0,0.011987929,0
0.0,0.012412136,0
0.0,0.013077343,0
0.0,0.14384712,0
0.0,0.33502552,0
0.0,0.0030831983,0
0.0,0.019949535,0
0.0,0.005998786,0
0.0,0.0070428597,0
0.0,0.016995989,0
0.0,0.016354045,0
0.0,0.20778108,0
0.0,0.0027865134,0
0.0,0.0003375724,0
0.0,0.79741424,0
0.0,0.19453086,0
0.0,0.0011991777,0
0.0,0.011578257,0
0.0,0.0020759553,0
0.0,0.07087276,0
0.0,0.0011895723,0
0.0,0.02117094,0
0.0,0.25508136,0
0.0,0.0017043208,0
0.0,0.0050174375,0
0.0,0.009762971,0
0.0,0.018402565,0
0.0,0.0041319607,0
0.0,0.0037253455,0
1.0,0.9997327,1
0.0,0.009921658,0
0.0,0.00011196772,0
0.0,0.001966538,0
0.0,0.012919282,0
0.0,0.0023126793,0
0.0,0.0002515307,0
0.0,0.00053521706,0
0.0,0.0037862274,0
0.0,0.007837035,0
0.0,0.07437962,0
0.0,0.0064673834,0
0.0,0.0061732237,0
0.0,0.014941371,0
0.0,0.04832605,0
1.0,0.9938612,1
0.0,0.0052478844,0
0.0,0.9860908,1
0.0,0.0007293344,0
0.0,0.009211972,0
0.0,0.0055655185,0
0.0,0.0013846265,0
0.0,1.3007026e-06,0
0.0,0.009672724,0
0.0,0.8420877,0
1.0,0.9995345,1
0.0,0.005896757,0
0.0,0.06473624,0
0.0,0.0036702382,0
0.0,0.0023775864,0
0.0,0.032727856,0
0.0,0.018024618,0
0.0,0.6979276,0
0.0,0.007077135,0
0.0,0.009318892,0
0.0,0.015080161,0
0.0,0.49237803,0
0.0,0.00092550874,0
0.0,0.0035777143,0
0.0,0.0035729953,0
0.0,0.0015899538,0
0.0,0.004569754,0
0.0,0.02401212,0
0.0,7.5762735e-05,0
0.0,0.0014116948,0
0.0,0.0051503065,0
0.0,0.004950299,0
0.0,0.009009366,0
0.0,0.07099109,0
0.0,0.004224192,0
0.0,0.0045682685,0
0.0,0.90641373,0
0.0,0.190906,0
0.0,0.17813906,0
0.0,0.0022615616,0
0.0,0.0064294883,0
0.0,0.013436039,0
0.0,0.0145725645,0
0.0,0.0005461997,0
0.0,0.008121766,0
0.0,0.0015649654,0
0.0,0.0048380485,0
0.0,0.004262323,0
0.0,0.02258678,0
0.0,0.34288013,0
0.0,0.009571569,0
0.0,0.0015222143,0
0.0,0.00028125185,0
1.0,0.95413315,1
0.0,0.00038816602,0
0.0,0.016466267,0
0.0,0.04086821,0
0.0,0.0016707717,0
0.0,0.009835789,0
0.0,0.0011123965,0
0.0,0.0011744435,0
0.0,0.016297616,0
0.0,0.008650906,0
0.0,0.15901469,0
0.0,0.015976407,0
0.0,0.019547572,0
0.0,0.0047056493,0
0.0,0.0871791,0
0.0,0.007258708,0
0.0,0.0026284694,0
0.0,0.030862652,0
0.0,0.45772615,0
0.0,0.026526425,0
0.0,0.009633084,0
0.0,0.0027358124,0
0.0,0.0038006231,0
0.0,0.010613134,0
0.0,0.022119688,0
0.0,0.0015478071,0
0.0,0.02155849,0
0.0,0.0046107625,0
0.0,0.003962293,0
0.0,0.07917172,0
0.0,0.005732287,0
0.0,0.00022054829,0
0.0,0.002019184,0
1.0,0.99958676,1
0.0,0.014233547,0
1.0,0.01739475,0
0.0,0.15164584,0
0.0,0.013954686,0
0.0,0.14275733,0
0.0,0.0011392034,0
0.0,0.0016877786,0
0.0,0.04521928,0
0.0,0.10620629,0
0.0,0.020797964,0
0.0,0.009601759,0
0.0,0.12853844,0
0.0,0.076140344,0
0.0,0.03742427,0
0.0,0.23136382,0
0.0,0.005997595,0
0.0,0.00056778226,0
0.0,0.020914044,0
0.0,0.0009900578,0
0.0,0.013753467,0
0.0,0.0038536936,0
0.0,0.037121646,0
0.0,0.0019548147,0
0.0,0.003940304,0
0.0,0.0011004605,0
0.0,0.0015279666,0
0.0,0.01055756,0
0.0,0.0010982826,0
0.0,0.0048173796,0
0.0,0.0014725162,0
0.0,0.017903984,0
0.0,0.598437,0
0.0,0.0005193801,0
0.0,4.3809046e-05,0
0.0,0.019315356,0
0.0,0.15279385,0
0.0,0.03855606,0
0.0,0.0024578085,0
0.0,0.47595966,0
0.0,0.0031064337,0
0.0,0.9416449,1
0.0,0.05140656,0
0.0,0.005048156,0
0.0,0.021170262,0
0.0,0.0044411803,0
0.0,0.00031906483,0
0.0,0.001746851,0
0.0,0.00759655,0
0.0,0.001263921,0
0.0,0.15744606,0
0.0,0.0023039083,0
0.0,0.0027893109,0
0.0,0.03782675,0
0.0,0.0052950014,0
0.0,0.6307736,0
0.0,0.0007667369,0
0.0,0.008774152,0
0.0,0.004880336,0
0.0,0.91000724,1
0.0,0.008415575,0
0.0,0.009095078,0
0.0,0.00052548415,0
0.0,0.005885999,0
0.0,0.001169761,0
0.0,0.42551565,0
0.0,0.10370653,0
0.0,0.039655082,0
0.0,0.99339783,1
0.0,0.9208138,1
0.0,0.0030239683,0
0.0,0.018897891,0
0.0,0.03542906,0
0.0,0.0021114864,0
0.0,0.022210257,0
0.0,0.04073411,0
0.0,0.0058699055,0
0.0,0.021566076,0
0.0,0.002582445,0
0.0,0.010733841,0
0.0,0.0023003118,0
0.0,0.020728672,0
0.0,0.008214012,0
0.0,0.006131379,0
0.0,0.007362319,0
0.0,0.046376795,0
0.0,0.0019183188,0
0.0,0.8278,0
0.0,0.0031879977,0
0.0,0.0018654552,0
0.0,0.0018094582,0
0.0,0.018506667,0
0.0,0.0015442153,0
0.0,0.0069936546,0
0.0,0.71852136,0
0.0,0.002243203,0
0.0,0.0070251417,0
0.0,0.008145524,0
0.0,0.59388024,0
0.0,0.009099227,0
0.0,0.0019087701,0
0.0,0.1628234,0
0.0,0.0063380026,0
0.0,0.028025763,0
0.0,0.0022530283,0
0.0,0.0055861864,0
0.0,0.11474129,0
0.0,0.003578891,0
0.0,0.007485876,0
0.0,0.016448315,0
0.0,0.048309132,0
0.0,0.1999053,0
0.0,0.01131577,0
0.0,0.0033176404,0
0.0,0.0021349743,0
0.0,0.073615305,0
0.0,0.009394538,0
0.0,0.004262319,0
0.0,0.0014195092,0
0.0,0.0033945758,0
0.0,0.00089352735,0
0.0,0.0067311455,0
0.0,0.00024425169,0
0.0,0.0043427385,0
0.0,0.008533455,0
0.0,0.00069116,0
0.0,0.0077127363,0
0.0,0.0053055524,0
0.0,0.0015322164,0
0.0,0.34708145,0
0.0,0.00068184495,0
0.0,0.008741454,0
0.0,0.27615073,0
0.0,0.7774473,0
0.0,0.0018442563,0
0.0,0.9958306,1
0.0,0.00030895925,0
0.0,0.047327075,0
0.0,0.0010439283,0
0.0,0.2933715,0
0.0,0.89312625,0
0.0,0.0046978486,0
0.0,0.0044445083,0
0.0,0.015431578,0
0.0,0.011666051,0
0.0,0.020890145,0
0.0,0.00036333624,0
0.0,0.0045873965,0
0.0,0.03694763,0
0.0,0.00076349167,0
1.0,0.96561027,1
0.0,0.0041718604,0
0.0,0.0004950086,0
0.0,0.014673675,0
0.0,0.006105937,0
0.0,0.0063787634,0
0.0,0.003286208,0
0.0,0.010746365,0
0.0,0.0032216483,0
0.0,0.05341946,0
0.0,0.0081742285,0
0.0,0.00079030945,0
0.0,0.11378733,0
0.0,0.011388134,0
0.0,0.29948118,0
0.0,0.00031538997,0
0.0,0.017245177,0
0.0,0.038048252,0
0.0,0.01804844,0
0.0,0.33135322,0
0.0,0.7305266,0
1.0,0.5963142,0
0.0,0.57179487,0
0.0,0.022176726,0
0.0,0.0051099947,0
1.0,0.00648819,0
0.0,0.7301094,0
0.0,0.008105878,0
0.0,0.016580267,0
0.0,0.11566879,0
0.0,0.0026451026,0
0.0,0.0035178962,0
0.0,0.0056482493,0
0.0,0.01531483,0
0.0,0.013086953,0
0.0,0.0009697344,0
0.0,0.00070065603,0
0.0,0.008076609,0
0.0,0.014529044,0
0.0,0.00045857683,0
0.0,0.004788929,0
0.0,0.00015841235,0
0.0,0.0024019983,0
0.0,0.016914865,0
0.0,0.00021587098,0
0.0,0.0037261578,0
0.0,0.09399434,0
0.0,0.0026892629,0
0.0,0.004841254,0
0.0,0.01277965,0
0.0,0.0058482056,0
0.0,0.0032353804,0
0.0,0.0035753234,0
0.0,0.2451637,0
0.0,0.00080464856,0
0.0,0.011524276,0
0.0,0.05362904,0
0.0,0.019055543,0
0.0,0.0017042534,0
0.0,0.00017792522,0
0.0,0.19828115,0
0.0,0.21988405,0
0.0,0.003868417,0
0.0,0.0065443716,0
0.0,0.018656615,0
0.0,0.0029499736,0
0.0,0.028152376,0
0.0,0.0019086375,0
0.0,0.0005398793,0
0.0,0.0007798594,0
0.0,0.061070595,0
0.0,0.0009907428,0
0.0,0.003699819,0
0.0,0.0013469401,0
0.0,0.001761327,0
0.0,0.0064718206,0
0.0,0.0091551775,0
0.0,0.0031366216,0
0.0,0.019943634,0
0.0,0.007536031,0
0.0,0.0016615251,0
0.0,0.0032677276,0
0.0,0.0016035227,0
0.0,0.00922489,0
0.0,0.0031275502,0
0.0,0.0015043404,0
0.0,0.58120763,0
0.0,0.008705852,0
0.0,0.0042636185,0
0.0,0.018527409,0
0.0,0.004254302,0
0.0,0.04567122,0
0.0,0.004620202,0
0.0,0.01283436,0
0.0,0.004603675,0
0.0,0.0005506009,0
0.0,0.39113927,0
0.0,0.09557215,0
0.0,0.039069,0
0.0,0.19791372,0
0.0,0.0006606618,0
0.0,0.09016743,0
0.0,0.0067637037,0
0.0,0.047239583,0
0.0,0.7058761,0
0.0,0.0041933376,0
0.0,0.0019592238,0
0.0,0.010076617,0
0.0,0.0026039432,0
0.0,0.0045917076,0
0.0,0.0145010725,0
0.0,0.0011652246,0
0.0,0.010258532,0
0.0,0.0049364273,0
0.0,0.95695007,1
0.0,0.001732529,0
0.0,0.28961506,0
0.0,0.008731679,0
0.0,0.0010503208,0
0.0,0.0036412734,0
0.0,0.9113808,1
0.0,0.034016952,0
0.0,0.0003407807,0
0.0,0.67948467,0
0.0,0.047471844,0
0.0,0.0083718905,0
0.0,0.007809276,0
0.0,0.006313928,0
0.0,0.9867138,1
0.0,0.04415475,0
0.0,0.0032747814,0
0.0,0.004281718,0
0.0,0.008704959,0
0.0,0.0018785783,0
0.0,0.02083518,0
0.0,0.0137326885,0
0.0,0.0039945333,0
0.0,0.019969283,0
0.0,0.030925512,0
0.0,0.02683258,0
0.0,0.006745993,0
0.0,0.020850165,0
0.0,0.0007674156,0
0.0,0.008019527,0
0.0,0.00022052096,0
0.0,0.006528095,0
0.0,0.0058606025,0
0.0,0.005409811,0
0.0,0.0024964998,0
0.0,0.007281732,0
0.0,0.0026682254,0
1.0,0.9942572,1
0.0,0.004744934,0
0.0,0.03042681,0
0.0,0.055550706,0
0.0,0.9739783,1
0.0,0.034585405,0
0.0,0.0028088468,0
0.0,0.014744856,0
0.0,0.004877903,0
0.0,0.006188502,0
0.0,0.0012146276,0
0.0,0.00085281115,0
0.0,0.02084202,0
1.0,0.9990695,1
0.0,0.07329457,0
0.0,0.055641335,0
0.0,0.0007559104,0
0.0,0.0013346456,0
0.0,0.061936967,0
1.0,0.44552213,0
0.0,0.10194523,0
0.0,0.0023556722,0
0.0,0.00040794164,0
0.0,0.00923917,0
0.0,0.0028058162,0
0.0,0.009528195,0
0.0,0.63922423,0
0.0,0.002988542,0
0.0,0.100755595,0
0.0,0.013214748,0
0.0,0.00059456093,0
0.0,0.4042806,0
0.0,0.0024757395,0
0.0,0.003918786,0
0.0,0.002024126,0
0.0,0.025604585,0
0.0,0.97236323,1
0.0,0.0032968943,0
0.0,0.0022845643,0
0.0,0.023099603,0
0.0,0.003067322,0
0.0,0.007910191,0
0.0,0.038970124,0
0.0,0.00028522327,0
0.0,0.019312764,0
0.0,0.0032050721,0
0.0,0.041960012,0
0.0,0.009982213,0
0.0,0.008570902,0
0.0,0.000105813706,0
0.0,0.03260169,0
0.0,0.0028840525,0
0.0,0.022439484,0
0.0,0.011613213,0
0.0,0.022121064,0
0.0,0.07412584,0
0.0,0.03727947,0
0.0,0.0005227741,0
0.0,0.002403228,0
0.0,0.0036706778,0
0.0,0.65089303,0
0.0,0.002529383,0
0.0,0.001736492,0
0.0,0.0024013356,0
0.0,0.022608118,0
0.0,0.09633916,0
0.0,0.0017478248,0
0.0,0.85897183,0
0.0,0.7357922,0
0.0,0.33683264,0
0.0,0.61911464,0
0.0,0.0015778044,0
0.0,0.0076527623,0
0.0,0.0016811553,0
0.0,0.0042440346,0
0.0,0.39521176,0
0.0,0.003701057,0
0.0,0.0015684711,0
0.0,0.0028767253,0
0.0,0.0034304776,0
0.0,0.00027678235,0
0.0,0.0025745302,0
0.0,0.012381003,0
0.0,0.004328932,0
0.0,0.00044971568,0
1.0,0.0046834094,0
0.0,0.0063454877,0
0.0,0.010271035,0
0.0,0.0014423816,0
0.0,0.0005934196,0
1.0,0.13430755,0
0.0,0.00033535267,0
0.0,0.0045651975,0
0.0,0.77018225,0
0.0,0.003947915,0
0.0,0.01867049,0
0.0,0.0015509755,0
0.0,0.8552845,0
0.0,0.0022883508,0
0.0,0.0016883219,0
0.0,0.01985447,0
0.0,0.009573785,0
0.0,0.00051174057,0
0.0,0.00033539665,0
0.0,0.009084561,0
0.0,0.0021229147,0
0.0,0.0010421531,0
0.0,0.0011824798,0
0.0,0.0011086705,0
0.0,0.0037241492,0
0.0,0.0047185305,0
0.0,0.001191309,0
0.0,0.046283208,0
0.0,0.27493727,0
0.0,0.012739273,0
0.0,0.01691389,0
0.0,0.0006125371,0
0.0,0.037407093,0
0.0,0.016124375,0
0.0,0.0036224858,0
0.0,0.0072754887,0
0.0,0.0042738253,0
0.0,0.0031086053,0
0.0,0.06036114,0
0.0,0.77576876,0
0.0,0.0015984526,0
0.0,0.068101704,0
0.0,0.0003409266,0
0.0,0.4148093,0
0.0,0.03833941,0
0.0,0.0037049532,0
0.0,0.0020568615,0
0.0,0.002570428,0
0.0,0.13203414,0
0.0,0.0053911656,0
0.0,0.0013046358,0
0.0,0.0032512117,0
0.0,0.018064408,0
0.0,0.027710428,0
0.0,0.0016652001,0
0.0,0.023718799,0
0.0,0.9703352,1
0.0,0.000909776,0
0.0,0.0041602068,0
0.0,0.04524339,0
0.0,0.00063965056,0
0.0,0.0030547788,0
0.0,0.0061814757,0
0.0,0.07505297,0
0.0,0.0015264483,0
0.0,0.009985672,0
0.0,0.044401083,0
0.0,0.0073023834,0
0.0,0.0055087125,0
0.0,0.0010750726,0
0.0,0.0010488454,0
0.0,0.0008878142,0
0.0,0.00062184426,0
0.0,0.0023490118,0
0.0,0.024813905,0
0.0,0.017728899,0
0.0,0.0011545738,0
0.0,0.0038391503,0
0.0,0.0055369525,0
0.0,0.00277047,0
0.0,0.0032494646,0
0.0,0.479767,0
0.0,0.12595573,0
1.0,0.2711333,0
0.0,0.0065855556,0
0.0,0.0056938976,0
0.0,0.004210031,0
0.0,0.0039844625,0
0.0,0.0029203393,0
0.0,0.01768089,0
0.0,0.004557818,0
0.0,0.003931426,0
0.0,0.012511496,0
0.0,0.01456832,0
0.0,0.0056106695,0
0.0,0.9781069,1
0.0,0.05932248,0
0.0,0.00066693174,0
1.0,0.99928826,1
0.0,0.0013822397,0
0.0,7.837374e-05,0
0.0,0.60277915,0
1.0,0.998615,1
0.0,0.3971259,0
0.0,0.012631061,0
0.0,0.0034100781,0
0.0,0.0014861736,0
0.0,0.07540142,0
0.0,0.038567025,0
0.0,0.011406251,0
0.0,0.024974711,0
0.0,0.004753411,0
0.0,0.010036044,0
0.0,0.105493546,0
0.0,0.0021413523,0
0.0,0.00053792406,0
0.0,0.0011319498,0
0.0,0.0020343813,0
0.0,0.0037657788,0
0.0,0.0036040565,0
0.0,0.0031510738,0
0.0,0.0027010413,0
0.0,0.18827505,0
1.0,0.9611549,1
0.0,0.001158409,0
0.0,0.02031392,0
0.0,0.0010897534,0
0.0,0.0031080523,0
0.0,0.00029393894,0
0.0,0.00034739712,0
0.0,0.017666256,0
0.0,0.010353885,0
0.0,0.010179646,0
0.0,0.0007066692,0
0.0,0.012995947,0
0.0,0.0038113047,0
0.0,0.012396388,0
0.0,0.71949583,0
0.0,0.05261534,0
0.0,0.004669411,0
0.0,0.0017979916,0
0.0,0.49361235,0
0.0,0.16670808,0
0.0,0.001709814,0
0.0,3.1614316e-05,0
0.0,0.96084213,1
0.0,0.020834537,0
0.0,0.011956299,0
0.0,0.0021187207,0
0.0,0.0026509482,0
0.0,0.0023327754,0
0.0,0.010337851,0
0.0,0.006233929,0
0.0,0.12591448,0
0.0,0.9777699,1
0.0,0.00019181646,0
0.0,0.0030262722,0
0.0,0.0023175615,0
0.0,0.0024105888,0
0.0,0.0009465408,0
0.0,0.0037976617,0
0.0,0.012430937,0
0.0,0.0012274226,0
0.0,0.027392574,0
0.0,0.0031457597,0
0.0,0.0063876826,0
0.0,0.031419616,0
0.0,0.0008669689,0
0.0,0.0036534045,0
0.0,0.003833385,0
0.0,0.0032370186,0
0.0,0.0005763697,0
0.0,0.19728117,0
0.0,0.0018376582,0
0.0,0.0025366733,0
0.0,0.005554556,0
0.0,0.015501565,0
0.0,0.0010202291,0
0.0,0.3702652,0
0.0,0.012644395,0
0.0,0.32426682,0
0.0,0.00047337016,0
0.0,0.048720535,0
0.0,0.0053906823,0
0.0,0.006826405,0
0.0,0.10408629,0
0.0,0.14990836,0
0.0,0.004574446,0
0.0,0.0017119511,0
0.0,0.0016320235,0
0.0,0.08082971,0
0.0,0.0013185518,0
0.0,0.0035879079,0
0.0,0.002438334,0
0.0,0.9810632,1
1.0,0.9997094,1
0.0,0.003214887,0
0.0,0.0040223445,0
0.0,0.02818956,0
0.0,0.007078181,0
0.0,0.014550271,0
0.0,0.9804761,1
0.0,0.010400326,0
0.0,0.010219409,0
0.0,0.0011970857,0
0.0,0.0010127868,0
0.0,0.00037522067,0
0.0,0.007044313,0
0.0,0.55194706,0
0.0,0.0028621543,0
0.0,0.007730127,0
0.0,0.0091951275,0
0.0,0.072153136,0
1.0,0.028908955,0
0.0,0.0064008576,0
0.0,0.0032199947,0
0.0,0.9066405,0
0.0,0.0008047172,0
0.0,0.0020927407,0
0.0,0.0017535448,0
0.0,0.0067282547,0
0.0,0.027612457,0
0.0,0.022240536,0
0.0,0.0075839283,0
0.0,0.22606781,0
0.0,0.0036928214,0
1.0,0.030122641,0
0.0,0.78010666,0
0.0,0.0013722524,0
0.0,0.0015744684,0
0.0,0.018576037,0
0.0,0.01204888,0
0.0,0.9939388,1
0.0,0.014976602,0
0.0,0.013614668,0
1.0,0.091140576,0
0.0,0.63030696,0
0.0,0.16174269,0
0.0,0.0069834925,0
0.0,0.004822549,0
0.0,0.19807114,0
0.0,0.00658287,0
0.0,0.006657459,0
0.0,0.001617466,0
0.0,0.0008428298,0
0.0,0.0015428807,0
0.0,0.3332665,0
0.0,0.04213089,0
0.0,0.82711893,0
0.0,0.002491796,0
0.0,0.0120912865,0
0.0,0.00989918,0
0.0,0.024447158,0
0.0,0.9482123,1
0.0,0.002664145,0
0.0,0.8770317,0
0.0,0.010558118,0
0.0,0.0018878478,0
0.0,0.0015722855,0
0.0,0.0076749697,0
0.0,0.6005448,0
1.0,0.9995129,1
0.0,0.0031240676,0
0.0,0.012159043,0
0.0,0.004109736,0
0.0,0.00028826488,0
0.0,0.27014282,0
0.0,0.004826938,0
0.0,0.0037761184,0
0.0,0.006354023,0
0.0,0.34194252,0
0.0,0.16917256,0
0.0,0.011925086,0
1.0,0.915481,1
0.0,0.01299829,0
0.0,0.4394931,0
0.0,0.00069465564,0
0.0,0.00019566313,0
0.0,0.0009518153,0
0.0,0.018125612,0
0.0,0.0020809458,0
0.0,0.005933864,0
0.0,0.00613918,0
0.0,0.9835607,1
0.0,0.003122651,0
0.0,0.40039018,0
0.0,0.0062528336,0
0.0,0.0016815644,0
0.0,0.014584387,0
0.0,0.0018662012,0
0.0,0.000804158,0
0.0,0.0010902439,0
0.0,0.0010464515,0
0.0,0.0037621134,0
0.0,0.008912697,0
0.0,0.019191058,0
0.0,0.005158723,0
0.0,0.00733964,0
0.0,0.004652941,0
0.0,0.0022593904,0
0.0,0.0043139015,0
0.0,0.6653448,0
0.0,0.006012543,0
0.0,0.016006729,0
0.0,0.0075533255,0
0.0,0.002720328,0
0.0,0.0034227623,0
0.0,0.19928046,0
0.0,0.9256047,1
0.0,0.00827881,0
0.0,0.042517282,0
0.0,0.002517787,0
0.0,0.021882216,0
0.0,0.020282164,0
0.0,0.4627161,0
0.0,0.00594764,0
0.0,0.030397631,0
0.0,0.01763102,0
0.0,0.00025508594,0
0.0,0.0027900483,0
0.0,0.004852117,0
0.0,0.04961139,0
0.0,0.003221469,0
0.0,0.0051299506,0
0.0,0.0075583747,0
0.0,0.0013269085,0
0.0,0.00024253859,0
0.0,0.0034006806,0
0.0,0.18760915,0
0.0,0.14011481,0
0.0,0.026630832,0
0.0,0.012820261,0
0.0,0.008534795,0
0.0,0.016168233,0
0.0,0.009669248,0
0.0,0.0026294144,0
0.0,0.0039809747,0
0.0,0.0024876334,0
0.0,0.08329704,0
0.0,0.001175975,0
0.0,0.8577106,0
0.0,0.027242584,0
0.0,0.02657331,0
0.0,0.17132346,0
0.0,0.00611443,0
0.0,0.009197195,0
0.0,0.0010016499,0
0.0,0.36169323,0
0.0,0.26700935,0
0.0,0.008753577,0
0.0,0.16686448,0
0.0,0.31874126,0
0.0,0.019040067,0
0.0,0.017726492,0
1.0,0.98647994,1
0.0,0.008788716,0
0.0,0.0019246608,0
0.0,0.0068208463,0
0.0,0.0032022991,0
0.0,0.0027594666,0
0.0,0.65130186,0
0.0,0.010847707,0
0.0,0.16948402,0
0.0,0.006004979,0
0.0,0.021074634,0
0.0,0.034181908,0
0.0,0.0061039957,0
0.0,0.0021937767,0
0.0,0.03453031,0
0.0,0.9508072,1
0.0,0.91639405,1
0.0,0.13381165,0
0.0,0.0006555423,0
0.0,0.008367703,0
0.0,0.00592048,0
0.0,0.025352523,0
0.0,0.2602211,0
0.0,0.38862434,0
0.0,0.0028766515,0
0.0,0.0064675915,0
0.0,0.042703323,0
0.0,0.0038538456,0
0.0,0.08992294,0
0.0,0.0048745456,0
0.0,0.015274448,0
0.0,0.051712327,0
0.0,0.009504521,0
0.0,0.020671178,0
0.0,0.7197864,0
0.0,0.004923356,0
0.0,0.0019987081,0
0.0,0.030354084,0
0.0,0.0045036464,0
0.0,0.010434682,0
0.0,0.0010885146,0
0.0,0.06578973,0
0.0,0.0028812808,0
0.0,0.00039309115,0
0.0,0.011985241,0
0.0,0.0034076124,0
0.0,0.0028102894,0
0.0,0.00038338444,0
0.0,0.00991756,0
0.0,0.10823561,0
0.0,0.0010867816,0
0.0,0.067915365,0
0.0,0.029424664,0
0.0,0.00022707108,0
0.0,0.001366889,0
0.0,0.0021958244,0
0.0,0.0029135135,0
0.0,0.024727594,0
0.0,0.0028143735,0
0.0,0.0005184371,0
0.0,0.027957464,0
0.0,0.0045482074,0
0.0,0.0025657753,0
0.0,0.002092424,0
0.0,0.0057402663,0
0.0,0.012185199,0
0.0,0.0030372432,0
0.0,0.013350173,0
0.0,0.6993982,0
0.0,0.019472733,0
0.0,0.0021579743,0
0.0,0.004090093,0
0.0,0.0531436,0
0.0,0.15802723,0
0.0,0.013799626,0
0.0,0.008286232,0
0.0,0.21778496,0
0.0,0.0012855313,0
0.0,0.084644526,0
0.0,0.86125195,0
0.0,0.0061251814,0
0.0,0.0027296671,0
0.0,0.009632647,0
0.0,0.001835867,0
0.0,0.0033071311,0
0.0,0.1228649,0
0.0,0.00013335323,0
1.0,0.040934365,0
0.0,0.07314332,0
0.0,0.17553231,0
0.0,0.7745968,0
0.0,0.00882206,0
0.0,0.07969237,0
0.0,0.003469947,0
0.0,0.0008178221,0
0.0,0.016227875,0
0.0,0.00040230705,0
0.0,0.011217978,0
0.0,0.002745518,0
0.0,0.007025534,0
0.0,0.0033681374,0
0.0,0.9745495,1
0.0,0.002023735,0
0.0,0.0050657126,0
0.0,0.009723213,0
0.0,0.0010815875,0
0.0,0.0030200132,0
0.0,0.017898602,0
0.0,0.0025319445,0
0.0,0.00095633947,0
0.0,0.0018023838,0
0.0,0.033736937,0
0.0,0.0042457744,0
0.0,0.13523126,0
0.0,0.022106722,0
0.0,0.0009409833,0
0.0,0.0006512158,0
0.0,0.8628513,0
0.0,0.0011432469,0
0.0,0.2726482,0
0.0,6.806351e-05,0
0.0,0.014501685,0
0.0,0.021766363,0
0.0,0.99425644,1
0.0,0.0034455177,0
0.0,0.040924326,0
0.0,0.003018037,0
0.0,0.061335918,0
0.0,0.00045276858,0
1.0,0.04751984,0
0.0,6.5384345e-05,0
0.0,0.0023971004,0
0.0,0.005724278,0
0.0,0.36700794,0
0.0,0.0016610562,0
0.0,0.006461919,0
0.0,0.00061704655,0
0.0,0.012908597,0
0.0,0.0049534,0
1.0,0.9853221,1
0.0,0.0054948586,0
1.0,0.9995621,1
0.0,0.0028049652,0
0.0,0.025897235,0
0.0,0.000660839,0
0.0,0.05654305,0
0.0,0.023339942,0
0.0,0.11872753,0
0.0,0.00438289,0
0.0,0.00031474358,0
0.0,0.002759893,0
0.0,0.0033443752,0
0.0,0.02437966,0
0.0,0.00013491312,0
0.0,0.0018342441,0
0.0,0.008482243,0
0.0,0.036771357,0
0.0,0.5704779,0
0.0,0.22004032,0
0.0,0.0015014353,0
0.0,0.0009443257,0
0.0,0.002836356,0
0.0,0.00615001,0
0.0,0.99062437,1
0.0,0.0017495254,0
0.0,0.057283595,0
0.0,0.005406023,0
0.0,0.0074701933,0
0.0,0.006052572,0
0.0,0.09345234,0
0.0,0.7242282,0
0.0,0.68379873,0
0.0,0.008461774,0
0.0,0.08300195,0
0.0,0.0020890932,0
0.0,0.009803103,0
0.0,0.0021355057,0
0.0,0.7395877,0
0.0,0.00041956312,0
0.0,0.00028415822,0
0.0,0.019017493,0
0.0,0.0023622212,0
0.0,0.056808688,0
0.0,0.0007638952,0
0.0,9.440588e-05,0
0.0,0.0019691198,0
0.0,0.0042478493,0
0.0,0.00018461268,0
0.0,0.00085340464,0
0.0,0.012342922,0
0.0,0.016937701,0
0.0,0.03431576,0
0.0,0.0034220696,0
0.0,0.0011149675,0
0.0,0.039202794,0
0.0,0.0010009301,0
0.0,0.0054848716,0
0.0,0.0002365049,0
0.0,0.0074543715,0
0.0,0.005342313,0
0.0,0.012679525,0
0.0,0.0014493273,0
0.0,0.0007365998,0
0.0,0.009032948,0
0.0,0.8810671,0
0.0,0.0004415559,0
0.0,0.0020153776,0
0.0,0.38834146,0
0.0,0.003910252,0
0.0,0.0019837806,0
0.0,0.0035012367,0
0.0,0.00068685215,0
0.0,0.01237831,0
0.0,0.30415782,0
0.0,0.008460002,0
0.0,0.005115423,0
0.0,0.001331192,0
0.0,0.0007135529,0
0.0,0.012625746,0
1.0,0.99846065,1
0.0,0.44706467,0
0.0,0.007809908,0
0.0,0.41325247,0
0.0,0.00048146083,0
0.0,0.0008096641,0
0.0,0.001289725,0
0.0,0.015165721,0
0.0,0.40923548,0
0.0,0.0035824773,0
0.0,0.0071579446,0
0.0,0.03430407,0
0.0,0.009621068,0
1.0,0.9962882,1
0.0,0.0036665797,0
0.0,0.042873546,0
0.0,0.15925772,0
0.0,0.12503688,0
0.0,0.003849142,0
0.0,0.012516351,0
0.0,0.19666871,0
0.0,0.0327304,0
0.0,0.0030516712,0
1.0,0.99980885,1
0.0,0.0058278115,0
0.0,0.0019070257,0
0.0,0.46679357,0
0.0,0.019716004,0
0.0,0.0119810635,0
0.0,0.00052190584,0
0.0,0.0008935299,0
0.0,0.0010212113,0
0.0,0.006504562,0
0.0,0.1564417,0
0.0,0.027671834,0
0.0,0.008135383,0
0.0,0.19184916,0
0.0,0.024153208,0
0.0,0.0016419267,0
0.0,0.00670696,0
0.0,0.0034716998,0
0.0,0.00041828738,0
0.0,0.02679953,0
0.0,0.02475621,0
0.0,0.0014709226,0
0.0,0.010150931,0
0.0,0.002487373,0
0.0,0.0066474704,0
0.0,0.01082921,0
0.0,0.0011790146,0
0.0,0.0020311254,0
0.0,0.006547696,0
0.0,0.0061951037,0
0.0,0.02040516,0
0.0,0.004257287,0
0.0,0.010229591,0
0.0,0.19605435,0
0.0,0.0067675672,0
0.0,0.9466493,1
0.0,0.01401937,0
0.0,0.009546298,0
0.0,0.0007690793,0
0.0,0.013192456,0
0.0,0.044472497,0
0.0,0.0009430602,0
0.0,0.00084031787,0
0.0,0.019710476,0
0.0,0.0038440516,0
0.0,0.02008996,0
0.0,0.0046992353,0
0.0,0.0037954436,0
0.0,0.010754804,0
0.0,0.13798806,0
0.0,0.005256959,0
0.0,0.0002075276,0
0.0,0.0003432414,0
0.0,0.15815508,0
0.0,0.0026700574,0
0.0,0.0032952058,0
0.0,0.0018676238,0
0.0,0.0022716268,0
0.0,0.0063024946,0
0.0,0.02900754,0
0.0,0.59253514,0
0.0,0.021356408,0
0.0,0.00020980285,0
1.0,0.17302056,0
0.0,0.00040709376,0
0.0,0.00010030886,0
0.0,0.0019411793,0
0.0,0.00040691605,0
0.0,0.009344773,0
0.0,0.0027790796,0
0.0,0.0064713797,0
0.0,0.028584242,0
0.0,0.013763948,0
0.0,0.00027661957,0
0.0,0.106323674,0
0.0,0.021800626,0
0.0,0.00077182334,0
0.0,0.003976383,0
0.0,0.011233877,0
0.0,0.009508172,0
0.0,0.0045287693,0
0.0,0.102973506,0
0.0,0.026870565,0
0.0,0.007812258,0
0.0,0.41575256,0
0.0,0.004543566,0
0.0,0.8883372,0
0.0,0.003927641,0
0.0,0.0007628589,0
0.0,0.022713682,0
0.0,0.003049735,0
0.0,0.0015606664,0
0.0,0.00026072928,0
0.0,0.011085581,0
0.0,0.00044563663,0
0.0,0.011675604,0
0.0,0.0124311065,0
0.0,0.017755782,0
0.0,0.8988443,0
0.0,0.0018224639,0
0.0,0.004548918,0
0.0,0.09361626,0
0.0,0.014445164,0
0.0,0.0043596514,0
0.0,0.022749066,0
0.0,0.015212713,0
0.0,0.017260393,0
0.0,0.0021755623,0
0.0,0.011202607,0
0.0,0.0013365332,0
0.0,0.94419724,1
0.0,0.018468864,0
0.0,0.0029264856,0
0.0,0.008698189,0
0.0,0.009584801,0
0.0,0.0025771752,0
0.0,0.006370449,0
0.0,0.0022428413,0
0.0,0.0097663775,0
0.0,0.32486844,0
0.0,0.0011799526,0
0.0,0.002476438,0
0.0,0.012498378,0
0.0,0.016075421,0
0.0,0.0020344646,0
0.0,0.0006177954,0
0.0,0.01410629,0
0.0,0.10674907,0
0.0,0.0138231125,0
0.0,0.0009151132,0
0.0,0.057600006,0
0.0,0.040555503,0
0.0,0.0015714855,0
0.0,0.0039967475,0
0.0,0.05962233,0
0.0,0.0047211805,0
0.0,0.001202158,0
0.0,0.0008688842,0
0.0,0.0031126905,0
0.0,0.15693182,0
0.0,0.0039911633,0
0.0,0.0053463033,0
0.0,0.002229342,0
0.0,0.001552037,0
0.0,0.0012194877,0
0.0,0.0020765944,0
0.0,0.002217877,0
0.0,0.0077228593,0
0.0,0.0010299182,0
0.0,0.40585586,0
0.0,0.006968384,0
0.0,0.008506178,0
0.0,0.0022124103,0
0.0,0.0036827582,0
0.0,0.00035111775,0
0.0,0.022289189,0
0.0,0.0024602576,0
0.0,0.017950559,0
0.0,0.002087237,0
0.0,0.89569575,0
0.0,0.5539053,0
0.0,0.30491412,0
0.0,0.017104698,0
0.0,0.055420656,0
0.0,0.004193599,0
0.0,0.0039681895,0
0.0,0.13957068,0
0.0,0.0011357232,0
0.0,0.001408411,0
0.0,0.0064857714,0
